,Actual Logprob,Predicted Logprob
0,-0.9367676335711812,-0.9367676335711812
1,-1.200482695267118,-1.200482695267118
2,-1.604041297306386,-1.604041297306386
3,-1.4156819452611051,-1.4156819452611051
4,-1.094537421714428,-1.094537421714428
5,-1.242189690124157,-1.242189690124157
6,-0.8354889062023902,-0.8354889062023902
7,-1.1821234253949895,-1.1821234253949895
8,-1.5738643269206205,-1.5738643269206205
9,-1.3367474273193714,-1.3367474273193714
10,-1.4681630014449127,-1.4681630014449127
11,-1.6361676572443364,-1.6361676572443364
12,-2.381552457809448,-2.381552457809448
13,-1.6285055836693183,-1.6285055836693183
14,-1.1883035491603289,-1.1883035491603289
15,-1.2000428531318903,-1.2000428531318903
16,-1.1459314860114755,-1.1459314860114755
17,-1.1317074012386708,-1.1317074012386708
18,-1.3960386838099754,-1.3960386838099754
19,-1.3070806412733802,-1.3070806412733802
20,-1.4230407180712206,-1.4230407180712206
21,-1.1900849351587222,-1.1900849351587222
22,-1.0871873567270678,-1.0871873567270678
23,-1.399396071138308,-1.399396071138308
24,-1.636847313060317,-1.636847313060317
25,-0.5552526590151664,-0.5552526590151664
26,-1.406323093776555,-1.406323093776555
27,-1.4382929848146069,-1.4382929848146069
28,-1.2017737599306328,-1.2017737599306328
29,-1.5462508950122569,-1.5462508950122569
30,-1.567550921624945,-1.567550921624945
31,-1.4698870523955472,-1.4698870523955472
32,-1.378374229105868,-1.378374229105868
33,-1.3345723068991373,-1.3345723068991373
34,-1.3733664178108984,-1.3733664178108984
35,-1.1746573244878489,-1.1746573244878489
36,-1.2219492842753727,-1.2219492842753727
37,-1.4387643161670185,-1.4387643161670185
38,-0.9686300227808398,-0.9686300227808398
39,-1.1228615951168446,-1.1228615951168446
40,-0.6555909257668715,-0.6555909257668715
41,-1.3460742669512136,-1.3460742669512136
42,-1.2892768022625944,-1.2892768022625944
43,-1.63983569866003,-1.63983569866003
44,-1.4436696037765622,-1.4436696037765622
45,-1.3230933653291803,-1.3230933653291803
46,-1.1449713763289564,-1.1449713763289564
47,-1.694930494293686,-1.694930494293686
48,-1.1583658761756366,-1.1583658761756366
49,-1.123423840648444,-1.123423840648444
50,-1.3360336871110192,-1.3360336871110192
51,-1.4003273405769998,-1.4003273405769998
52,-1.3825563266295795,-1.3825563266295795
53,-1.3855620576429737,-1.3855620576429737
54,-1.5712082764899085,-1.5712082764899085
55,-0.8035397871520168,-0.8035397871520168
56,-1.2854754998702411,-1.2854754998702411
57,-1.3132970351581426,-1.3132970351581426
58,-1.452330228894256,-1.452330228894256
59,-1.4468926034232443,-1.4468926034232443
60,-1.6704594016999237,-1.6704594016999237
61,-1.5677394589712454,-1.5677394589712454
62,-1.4155214932537818,-1.4155214932537818
63,-1.5694919621297556,-1.5694919621297556
64,-1.2776679928486163,-1.2776679928486163
65,-0.5285868543063024,-0.5285868543063024
66,-1.3510588730952535,-1.3510588730952535
67,-1.241037747656652,-1.241037747656652
68,-1.2749026487039965,-1.2749026487039965
69,-1.2735281351000765,-1.2735281351000765
70,-1.2030379485714344,-1.2030379485714344
71,-1.3496844463570172,-1.3496844463570172
72,-1.5535583690155383,-1.5535583690155383
73,-1.182275608528492,-1.182275608528492
74,-1.4195353476576102,-1.4195353476576102
75,-1.3411899013856872,-1.3411899013856872
76,-1.53165242191433,-1.53165242191433
77,-1.1688527829887332,-1.1688527829887332
78,-1.5088152284770049,-1.5088152284770049
79,-1.2545366388256267,-1.2545366388256267
80,-1.0737118092618247,-1.0737118092618247
81,-1.2242227755775748,-1.2242227755775748
82,-1.5014115045236986,-1.5014115045236986
83,-1.637792099353879,-1.637792099353879
84,-0.7145486597744923,-0.7145486597744923
85,-1.194789547328801,-1.194789547328801
86,-1.299741310666698,-1.299741310666698
87,-0.910855587138686,-0.910855587138686
88,-1.1291465981062068,-1.1291465981062068
89,-1.1053016971248064,-1.1053016971248064
90,-1.470460905585178,-1.470460905585178
91,-1.529330812683401,-1.529330812683401
92,-1.042260211567546,-1.042260211567546
93,-0.8936497139376264,-0.8936497139376264
94,-0.6247772084006781,-0.6247772084006781
95,-0.946225452792737,-0.946225452792737
96,-0.960238261740337,-0.960238261740337
97,-1.0696544369985892,-1.0696544369985892
98,-1.2283718844716862,-1.2283718844716862
99,-1.33614116676094,-1.33614116676094
100,-2.21379658053903,-2.21379658053903
101,-1.166604652885319,-1.166604652885319
102,-0.8392439341360285,-0.8392439341360285
103,-0.9423373407787748,-0.9423373407787748
104,-1.0832791862816646,-1.0832791862816646
105,-0.9402545394823532,-0.9402545394823532
106,-1.1557983768229585,-1.1557983768229585
107,-0.926575785459474,-0.926575785459474
108,-0.6169411498446797,-0.6169411498446797
109,-0.3666912214255627,-0.3666912214255627
110,-0.6396154142561413,-0.6396154142561413
111,-1.0268877228101094,-1.0268877228101094
112,-2.382679683821542,-2.382679683821542
113,-0.6816784938176473,-0.6816784938176473
114,-0.4968487471342087,-0.4968487471342087
115,-1.843615508741803,-1.843615508741803
116,-0.8716177026430766,-0.8716177026430766
117,-1.15848081426103,-1.15848081426103
118,-0.8687799538689098,-0.8687799538689098
119,-2.227391080422835,-2.227391080422835
120,-1.0693555015784044,-1.0693555015784044
121,-0.49807753488999,-0.49807753488999
122,-0.6396330493252452,-0.6396330493252452
123,-0.8273844700451045,-0.8273844700451045
124,-0.7746914541998575,-0.7746914541998575
125,-0.789949847746265,-0.789949847746265
126,-0.5977749648944352,-0.5977749648944352
127,-2.085390567779541,-2.085390567779541
128,-1.4008796555655345,-1.4008796555655345
129,-0.9881877612184596,-0.9881877612184596
130,-0.6053531197831035,-0.6053531197831035
131,-1.3686232125317608,-1.3686232125317608
132,-1.0793185280635953,-1.0793185280635953
133,-0.6854432309046388,-0.6854432309046388
134,-1.165870561156162,-1.165870561156162
135,-0.7126303282819053,-0.7126303282819053
136,-0.8267779079350558,-0.8267779079350558
137,-0.9999090747315754,-0.9999090747315754
138,-0.7691683600268026,-0.7691683600268026
139,-1.3878914413526076,-1.3878914413526076
140,-0.6590638720072233,-0.6590638720072233
141,-0.4697735743929249,-0.4697735743929249
142,-0.8878958557927331,-0.8878958557927331
143,-1.242365601450898,-1.242365601450898
144,-1.13040382694453,-1.13040382694453
145,-0.7570990892127156,-0.7570990892127156
146,-0.5742308074149532,-0.5742308074149532
147,-0.4339705474616945,-0.4339705474616945
148,-1.1307870064462937,-1.1307870064462937
149,-0.5621220211484539,-0.5621220211484539
150,-0.5002224175259471,-0.5002224175259471
151,-1.3432121960691703,-1.3432121960691703
152,-0.8489034804262856,-0.8489034804262856
153,-0.4796739215998686,-0.4796739215998686
154,-1.15773322340101,-1.15773322340101
155,-0.8714458299061608,-0.8714458299061608
156,-0.8960699610007826,-0.8960699610007826
157,-1.1105645026347437,-1.1105645026347437
158,-0.9702849881723524,-0.9702849881723524
159,-0.7945523510376612,-0.7945523510376612
160,-1.0661420905312826,-1.0661420905312826
161,-0.8761241156607866,-0.8761241156607866
162,-1.1360859528183938,-1.1360859528183938
163,-1.110341434367001,-1.110341434367001
164,-0.715855452647576,-0.715855452647576
165,-0.6348631055946024,-0.6348631055946024
166,-0.6986843763395797,-0.6986843763395797
167,-0.7013319176296855,-0.7013319176296855
168,-0.7676614485969839,-0.7676614485969839
169,-0.4931477372960526,-0.4931477372960526
170,-0.5543631646368239,-0.5543631646368239
171,-0.4360537658366122,-0.4360537658366122
172,-0.5132052983556475,-0.5132052983556475
173,-0.5737919630482793,-0.5737919630482793
174,-1.103067892842588,-1.103067892842588
175,-1.5366490263687935,-1.5366490263687935
176,-1.2859073174627205,-1.2859073174627205
177,-0.5470265471746051,-0.5470265471746051
178,-1.526266072735642,-1.526266072735642
179,-0.565545771338723,-0.565545771338723
180,-0.6422558782636657,-0.6422558782636657
181,-0.7278719327246496,-0.7278719327246496
182,-1.267262061436971,-1.267262061436971
183,-0.6496778704903342,-0.6496778704903342
184,-0.8289656829833985,-0.8289656829833985
185,-0.5861870863640956,-0.5861870863640956
186,-3.1551646561849687,-3.1551646561849687
187,-0.7454606723040342,-0.7454606723040342
188,-0.8019679720087569,-0.8019679720087569
189,-0.8358536783708345,-0.8358536783708345
190,-1.802153307458629,-1.802153307458629
191,-1.526233038594646,-1.526233038594646
192,-1.055990716814995,-1.055990716814995
193,-0.414799372042258,-0.414799372042258
194,-0.400241447049518,-0.400241447049518
195,-0.6857899921014905,-0.6857899921014905
196,-1.146373055702032,-1.146373055702032
197,-0.5589598592861679,-0.5589598592861679
198,-0.7309954203665257,-0.7309954203665257
199,-0.8801549321921297,-0.8801549321921297
200,-0.9452879539755888,-0.9452879539755888
201,-1.1552555889918887,-1.1552555889918887
202,-1.577758509983388,-1.577758509983388
203,-1.497952895571095,-1.497952895571095
204,-1.1118875233701957,-1.1118875233701957
205,-1.2393824647563372,-1.2393824647563372
206,-0.8347088255623515,-0.8347088255623515
207,-1.1594118221785672,-1.1594118221785672
208,-1.4965854236321856,-1.4965854236321856
209,-1.3429745602053265,-1.3429745602053265
210,-1.4735601271769798,-1.4735601271769798
211,-1.6984723688481929,-1.6984723688481929
212,-2.467916139534541,-2.467916139534541
213,-1.5431283653759569,-1.5431283653759569
214,-1.1887228433475938,-1.1887228433475938
215,-1.2922024251893165,-1.2922024251893165
216,-1.2075256839279056,-1.2075256839279056
217,-1.16754865553952,-1.16754865553952
218,-1.4133549198623776,-1.4133549198623776
219,-1.213580844938293,-1.213580844938293
220,-1.3390020446259847,-1.3390020446259847
221,-1.1471807282100352,-1.1471807282100352
222,-1.0875662297241449,-1.0875662297241449
223,-1.4848450431528015,-1.4848450431528015
224,-1.64393561477809,-1.64393561477809
225,-0.5856780903971094,-0.5856780903971094
226,-1.371491783349089,-1.371491783349089
227,-1.3438081149907075,-1.3438081149907075
228,-1.1951097536456676,-1.1951097536456676
229,-1.5565946684327236,-1.5565946684327236
230,-1.4270878309427306,-1.4270878309427306
231,-1.4468992042911144,-1.4468992042911144
232,-1.40991173603738,-1.40991173603738
233,-1.2177938638731491,-1.2177938638731491
234,-1.4230157007542692,-1.4230157007542692
235,-1.1532440194787903,-1.1532440194787903
236,-1.1915381282567978,-1.1915381282567978
237,-1.468527347542519,-1.468527347542519
238,-0.961590429609136,-0.961590429609136
239,-1.0325362460557803,-1.0325362460557803
240,-0.6710171864582942,-0.6710171864582942
241,-1.304017105767893,-1.304017105767893
242,-1.2979683377021969,-1.2979683377021969
243,-1.559693972269694,-1.559693972269694
244,-1.4396058348722236,-1.4396058348722236
245,-1.2117449590402056,-1.2117449590402056
246,-1.1189601515221783,-1.1189601515221783
247,-1.6433232754699945,-1.6433232754699945
248,-1.21271274625793,-1.21271274625793
249,-1.1280902587166128,-1.1280902587166128
250,-1.302652265674384,-1.302652265674384
251,-1.4309106446051785,-1.4309106446051785
252,-1.2931711267131245,-1.2931711267131245
253,-1.386724167091902,-1.386724167091902
254,-1.501682117003803,-1.501682117003803
255,-0.7957417678463367,-0.7957417678463367
256,-1.2652391361635784,-1.2652391361635784
257,-1.3616833612900372,-1.3616833612900372
258,-1.2898247029430183,-1.2898247029430183
259,-1.41231331714364,-1.41231331714364
260,-1.6006573771321495,-1.6006573771321495
261,-1.5760779131290523,-1.5760779131290523
262,-1.2953672797180886,-1.2953672797180886
263,-1.476581991180893,-1.476581991180893
264,-1.2805188417434692,-1.2805188417434692
265,-0.5132853504299193,-0.5132853504299193
266,-1.3292892589125522,-1.3292892589125522
267,-1.1831578764804571,-1.1831578764804571
268,-1.2408166550850683,-1.2408166550850683
269,-1.1067870199218277,-1.1067870199218277
270,-1.2039798230163812,-1.2039798230163812
271,-1.4241561372150746,-1.4241561372150746
272,-1.5774642395418743,-1.5774642395418743
273,-1.1443962930708893,-1.1443962930708893
274,-1.4312757346057152,-1.4312757346057152
275,-1.317013382911682,-1.317013382911682
276,-1.5187841330387797,-1.5187841330387797
277,-1.165589916613675,-1.165589916613675
278,-1.5096811139306356,-1.5096811139306356
279,-1.2409429529965934,-1.2409429529965934
280,-1.0369206315787265,-1.0369206315787265
281,-1.2407049236371537,-1.2407049236371537
282,-1.496584606725116,-1.496584606725116
283,-1.666575732157212,-1.666575732157212
284,-0.7133853368039401,-0.7133853368039401
285,-1.1303936483324035,-1.1303936483324035
286,-1.1795793891877169,-1.1795793891877169
287,-0.8730021899984789,-0.8730021899984789
288,-1.1040412095165992,-1.1040412095165992
289,-1.113278631092042,-1.113278631092042
290,-1.3732864293017129,-1.3732864293017129
291,-1.484206097994664,-1.484206097994664
292,-1.0244418826214103,-1.0244418826214103
293,-0.8288819290870844,-0.8288819290870844
294,-0.6189332611953156,-0.6189332611953156
295,-0.8617582090141237,-0.8617582090141237
296,-0.9716195477995762,-0.9716195477995762
297,-1.0624708066615025,-1.0624708066615025
298,-1.217589399611303,-1.217589399611303
299,-1.3056089480717976,-1.3056089480717976
300,-2.073916021515341,-2.073916021515341
301,-1.0757942754168843,-1.0757942754168843
302,-0.755067555479301,-0.755067555479301
303,-0.9731694380442302,-0.9731694380442302
304,-1.1329026551082215,-1.1329026551082215
305,-0.897661660992822,-0.897661660992822
306,-1.1994596014217451,-1.1994596014217451
307,-0.9038877976957218,-0.9038877976957218
308,-0.5769234544547029,-0.5769234544547029
309,-0.3637639151679145,-0.3637639151679145
310,-0.6696778490429833,-0.6696778490429833
311,-0.9926469802856446,-0.9926469802856446
312,-2.467916139534541,-2.467916139534541
313,-0.7338545424069545,-0.7338545424069545
314,-0.5078766141086817,-0.5078766141086817
315,-1.8530980050563808,-1.8530980050563808
316,-0.862833567460378,-0.862833567460378
317,-1.1149850640186043,-1.1149850640186043
318,-0.8695460557937622,-0.8695460557937622
319,-2.070578721436587,-2.070578721436587
320,-0.7224306762218475,-0.7224306762218475
321,-0.5259889743124792,-0.5259889743124792
322,-0.8259498491519834,-0.8259498491519834
323,-0.9095652574716612,-0.9095652574716612
324,-0.8434028357498405,-0.8434028357498405
325,-0.8075839650723361,-0.8075839650723361
326,-0.611645635708358,-0.611645635708358
327,-1.9554260865501736,-1.9554260865501736
328,-1.4604656185422624,-1.4604656185422624
329,-1.1252826783392165,-1.1252826783392165
330,-0.464975900016725,-0.464975900016725
331,-1.3814003335105047,-1.3814003335105047
332,-1.1573442304506898,-1.1573442304506898
333,-0.7060170639306307,-0.7060170639306307
334,-1.1999461512232936,-1.1999461512232936
335,-0.7351466657579407,-0.7351466657579407
336,-0.8235553909431804,-0.8235553909431804
337,-1.1190450422523557,-1.1190450422523557
338,-0.765805901504877,-0.765805901504877
339,-1.4199280073476392,-1.4199280073476392
340,-0.6754919198843149,-0.6754919198843149
341,-0.6350485483805338,-0.6350485483805338
342,-0.842845965725507,-0.842845965725507
343,-1.3099665225938308,-1.3099665225938308
344,-1.1432768506929278,-1.1432768506929278
345,-0.782554792240262,-0.782554792240262
346,-0.8536432946937672,-0.8536432946937672
347,-0.3939523706140444,-0.3939523706140444
348,-1.207956693002156,-1.207956693002156
349,-0.4931125373982671,-0.4931125373982671
350,-0.5132141346111894,-0.5132141346111894
351,-1.5891073849774149,-1.5891073849774149
352,-0.8497581851574801,-0.8497581851574801
353,-0.6219881893128387,-0.6219881893128387
354,-1.2610332258045671,-1.2610332258045671
355,-0.9338953513947744,-0.9338953513947744
356,-0.935489294140838,-0.935489294140838
357,-1.0562975341959515,-1.0562975341959515
358,-0.9514542194083332,-0.9514542194083332
359,-0.8029237429300944,-0.8029237429300944
360,-1.064601832582045,-1.064601832582045
361,-0.9167352383956312,-0.9167352383956312
362,-1.2160182490944862,-1.2160182490944862
363,-1.1244122963398695,-1.1244122963398695
364,-0.7234611025223365,-0.7234611025223365
365,-0.6727591049976838,-0.6727591049976838
366,-0.7045208483703377,-0.7045208483703377
367,-0.76215581006782,-0.76215581006782
368,-0.7723540039949639,-0.7723540039949639
369,-0.5300590308137643,-0.5300590308137643
370,-0.4837187679987105,-0.4837187679987105
371,-0.4798992410186649,-0.4798992410186649
372,-0.572386055576558,-0.572386055576558
373,-0.5560889514163136,-0.5560889514163136
374,-1.2206210963493955,-1.2206210963493955
375,-1.6016811948073535,-1.6016811948073535
376,-1.2270146821674548,-1.2270146821674548
377,-0.5484505759345161,-0.5484505759345161
378,-1.5853111454934783,-1.5853111454934783
379,-0.49366304657676,-0.49366304657676
380,-0.631295918494232,-0.631295918494232
381,-0.7711346343506215,-0.7711346343506215
382,-1.3550411610640296,-1.3550411610640296
383,-0.5396900285374034,-0.5396900285374034
384,-0.8506660381952922,-0.8506660381952922
385,-0.5844135284423828,-0.5844135284423828
386,-2.6016248918714977,-2.6016248918714977
387,-0.7851602537557483,-0.7851602537557483
388,-0.8466653500416482,-0.8466653500416482
389,-0.917605615537101,-0.917605615537101
390,-1.826604558073956,-1.826604558073956
391,-1.4831064266543237,-1.4831064266543237
392,-0.9025802344083786,-0.9025802344083786
393,-0.3548837158623643,-0.3548837158623643
394,-0.4648839983829232,-0.4648839983829232
395,-0.6533582266420126,-0.6533582266420126
396,-1.1451335119646648,-1.1451335119646648
397,-0.5952051573021467,-0.5952051573021467
398,-0.74358681589365,-0.74358681589365
399,-0.9192311163096464,-0.9192311163096464
400,-0.9563087492950204,-0.9563087492950204
401,-1.1626211147883845,-1.1626211147883845
402,-1.504001876180486,-1.504001876180486
403,-1.512652496034785,-1.512652496034785
404,-1.0893964730491934,-1.0893964730491934
405,-1.2383828440377878,-1.2383828440377878
406,-0.8491766785466394,-0.8491766785466394
407,-1.1617673469144243,-1.1617673469144243
408,-1.48913794247679,-1.48913794247679
409,-1.319621440976165,-1.319621440976165
410,-1.3760125692500624,-1.3760125692500624
411,-1.6538735169630785,-1.6538735169630785
412,-2.398183303219932,-2.398183303219932
413,-1.511206367953879,-1.511206367953879
414,-1.1536155948343203,-1.1536155948343203
415,-1.2312292093411088,-1.2312292093411088
416,-1.1694565179736116,-1.1694565179736116
417,-1.115299142608347,-1.115299142608347
418,-1.3833698246830193,-1.3833698246830193
419,-1.2516732973645823,-1.2516732973645823
420,-1.3201208114624023,-1.3201208114624023
421,-1.093818977821705,-1.093818977821705
422,-1.0959101554959318,-1.0959101554959318
423,-1.469790869905043,-1.469790869905043
424,-1.5770131737686868,-1.5770131737686868
425,-0.5777749475250896,-0.5777749475250896
426,-1.3354020266569862,-1.3354020266569862
427,-1.3815819736598998,-1.3815819736598998
428,-1.1746907252673957,-1.1746907252673957
429,-1.577135719070139,-1.577135719070139
430,-1.5036345757255258,-1.5036345757255258
431,-1.3908377433008,-1.3908377433008
432,-1.391088419182356,-1.391088419182356
433,-1.3236223098843596,-1.3236223098843596
434,-1.3478192839511605,-1.3478192839511605
435,-1.143403874811276,-1.143403874811276
436,-1.1852080881595612,-1.1852080881595612
437,-1.3930837784626686,-1.3930837784626686
438,-0.9012872378031412,-0.9012872378031412
439,-0.9936304471289464,-0.9936304471289464
440,-0.6622527379256028,-0.6622527379256028
441,-1.2628494242365047,-1.2628494242365047
442,-1.2556686854177668,-1.2556686854177668
443,-1.5713639490364133,-1.5713639490364133
444,-1.3840694316597872,-1.3840694316597872
445,-1.2758970260620115,-1.2758970260620115
446,-1.0670492517666554,-1.0670492517666554
447,-1.6724926066953083,-1.6724926066953083
448,-1.171518277752307,-1.171518277752307
449,-1.1426238976707754,-1.1426238976707754
450,-1.3106292245924012,-1.3106292245924012
451,-1.4320586587107458,-1.4320586587107458
452,-1.261015626811242,-1.261015626811242
453,-1.312157390653625,-1.312157390653625
454,-1.5148695328438928,-1.5148695328438928
455,-0.7957423186117365,-0.7957423186117365
456,-1.2679527378821558,-1.2679527378821558
457,-1.376388917597689,-1.376388917597689
458,-1.2863998006480608,-1.2863998006480608
459,-1.4218347007914107,-1.4218347007914107
460,-1.6154392357020415,-1.6154392357020415
461,-1.531454048415487,-1.531454048415487
462,-1.343929271365321,-1.343929271365321
463,-1.5052497479342677,-1.5052497479342677
464,-1.2751638311606186,-1.2751638311606186
465,-0.5219499029854472,-0.5219499029854472
466,-1.3384428754333375,-1.3384428754333375
467,-1.1786434151405512,-1.1786434151405512
468,-1.2497217608976734,-1.2497217608976734
469,-1.1711254443309105,-1.1711254443309105
470,-1.212507080662158,-1.212507080662158
471,-1.3767861377361208,-1.3767861377361208
472,-1.5392690370249194,-1.5392690370249194
473,-1.1234926909439324,-1.1234926909439324
474,-1.474538573923037,-1.474538573923037
475,-1.3605611872884025,-1.3605611872884025
476,-1.531790901524152,-1.531790901524152
477,-1.1539371910021288,-1.1539371910021288
478,-1.501697345297466,-1.501697345297466
479,-1.2540774951546878,-1.2540774951546878
480,-1.0232626061106838,-1.0232626061106838
481,-1.2273997789205506,-1.2273997789205506
482,-1.4193081218142842,-1.4193081218142842
483,-1.6758160877597423,-1.6758160877597423
484,-0.7116553153631822,-0.7116553153631822
485,-1.1547788631084352,-1.1547788631084352
486,-1.2267119126726491,-1.2267119126726491
487,-0.8198100245276163,-0.8198100245276163
488,-1.133625216262285,-1.133625216262285
489,-1.137407852697742,-1.137407852697742
490,-1.3864711717117664,-1.3864711717117664
491,-1.4671638547912125,-1.4671638547912125
492,-1.0584974085637766,-1.0584974085637766
493,-0.8803671265757361,-0.8803671265757361
494,-0.5936968417107304,-0.5936968417107304
495,-0.8629246913185415,-0.8629246913185415
496,-0.963863497556642,-0.963863497556642
497,-1.0481015684068664,-1.0481015684068664
498,-1.2120593009993088,-1.2120593009993088
499,-1.2598102822784305,-1.2598102822784305
500,-2.2262912427677826,-2.2262912427677826
501,-1.0346050816912984,-1.0346050816912984
502,-0.825871372407721,-0.825871372407721
503,-0.9558574279149372,-0.9558574279149372
504,-1.0696973677339223,-1.0696973677339223
505,-0.9294419806132944,-0.9294419806132944
506,-1.1969913876786524,-1.1969913876786524
507,-0.9245324495226838,-0.9245324495226838
508,-0.5907162917676823,-0.5907162917676823
509,-0.354981482764821,-0.354981482764821
510,-0.6506872949146089,-0.6506872949146089
511,-1.0292295773824056,-1.0292295773824056
512,-2.3965156163488115,-2.3965156163488115
513,-0.67792893472568,-0.67792893472568
514,-0.4959403090178966,-0.4959403090178966
515,-1.7970481746726563,-1.7970481746726563
516,-0.8763665596644084,-0.8763665596644084
517,-1.131621276685434,-1.131621276685434
518,-0.883681941306454,-0.883681941306454
519,-2.0371152596040205,-2.0371152596040205
520,-0.7368308695463034,-0.7368308695463034
521,-0.4951520455900088,-0.4951520455900088
522,-0.7365539975282622,-0.7365539975282622
523,-0.8528346673462742,-0.8528346673462742
524,-0.7617881621501242,-0.7617881621501242
525,-0.7973413957181827,-0.7973413957181827
526,-0.5672225933666377,-0.5672225933666377
527,-1.893131276835566,-1.893131276835566
528,-1.4259563230332877,-1.4259563230332877
529,-1.035352914421647,-1.035352914421647
530,-0.4421117408201098,-0.4421117408201098
531,-1.3788422522721466,-1.3788422522721466
532,-1.12148944940418,-1.12148944940418
533,-0.6951179318130016,-0.6951179318130016
534,-1.1764872526937675,-1.1764872526937675
535,-0.7203567157420077,-0.7203567157420077
536,-0.827997084368359,-0.827997084368359
537,-1.043573587439781,-1.043573587439781
538,-0.7109445417959859,-0.7109445417959859
539,-1.3497839611630107,-1.3497839611630107
540,-0.665664541721344,-0.665664541721344
541,-0.5741174100905426,-0.5741174100905426
542,-0.8830195221790048,-0.8830195221790048
543,-1.2226840340813925,-1.2226840340813925
544,-1.1274312129244208,-1.1274312129244208
545,-0.7647220399230719,-0.7647220399230719
546,-0.7297683954238892,-0.7297683954238892
547,-0.3779682272164396,-0.3779682272164396
548,-1.1578554809093475,-1.1578554809093475
549,-0.5387255398195181,-0.5387255398195181
550,-0.5121519351378083,-0.5121519351378083
551,-1.458050619724185,-1.458050619724185
552,-0.8372951690540757,-0.8372951690540757
553,-0.5861504299696102,-0.5861504299696102
554,-1.194600216113031,-1.194600216113031
555,-0.8890096365459381,-0.8890096365459381
556,-0.9248519313427828,-0.9248519313427828
557,-1.053325938624005,-1.053325938624005
558,-0.9688242133706808,-0.9688242133706808
559,-0.8190215816100438,-0.8190215816100438
560,-1.0724841402482617,-1.0724841402482617
561,-0.8550415271893144,-0.8550415271893144
562,-1.1717443615198135,-1.1717443615198135
563,-1.123958257958293,-1.123958257958293
564,-0.7303956554486202,-0.7303956554486202
565,-0.6727852984371349,-0.6727852984371349
566,-0.720855617708014,-0.720855617708014
567,-0.7315621653268504,-0.7315621653268504
568,-0.7725247569786485,-0.7725247569786485
569,-0.5076586118964261,-0.5076586118964261
570,-0.4851705734691923,-0.4851705734691923
571,-0.4326166478238364,-0.4326166478238364
572,-0.5207475630604491,-0.5207475630604491
573,-0.5631659086793661,-0.5631659086793661
574,-1.2528189431249568,-1.2528189431249568
575,-1.5823874285346584,-1.5823874285346584
576,-1.2204771644190735,-1.2204771644190735
577,-0.5598949156110249,-0.5598949156110249
578,-1.462489326794942,-1.462489326794942
579,-0.5627580360932783,-0.5627580360932783
580,-0.5936522262040959,-0.5936522262040959
581,-0.7759678918261861,-0.7759678918261861
582,-1.275249118952788,-1.275249118952788
583,-0.5817927707325329,-0.5817927707325329
584,-0.8280203851064046,-0.8280203851064046
585,-0.5825568890386774,-0.5825568890386774
586,-2.5692035300391063,-2.5692035300391063
587,-0.761465722694993,-0.761465722694993
588,-0.8121144734611807,-0.8121144734611807
589,-0.8991244375158888,-0.8991244375158888
590,-1.780994150949561,-1.780994150949561
591,-1.4745887671747515,-1.4745887671747515
592,-0.9419341385364532,-0.9419341385364532
593,-0.4005298192106832,-0.4005298192106832
594,-0.436468337857446,-0.436468337857446
595,-0.6656328309327364,-0.6656328309327364
596,-1.1590083209119102,-1.1590083209119102
597,-0.5716956761456276,-0.5716956761456276
598,-0.7638683430850506,-0.7638683430850506
599,-0.9433179336000782,-0.9433179336000782
600,-0.813554657522098,-0.813554657522098
601,-0.9669902221909884,-0.9669902221909884
602,-1.355814627898756,-1.355814627898756
603,-1.3308530620826309,-1.3308530620826309
604,-0.9000244990799778,-0.9000244990799778
605,-1.0885058170141175,-1.0885058170141175
606,-0.7300592041754908,-0.7300592041754908
607,-0.938173440999763,-0.938173440999763
608,-1.1965836462124373,-1.1965836462124373
609,-1.175070227578629,-1.175070227578629
610,-1.1743059564930525,-1.1743059564930525
611,-1.370753085220253,-1.370753085220253
612,-2.3946040953908647,-2.3946040953908647
613,-1.1888345431108944,-1.1888345431108944
614,-0.9785653389701549,-0.9785653389701549
615,-1.069007309153676,-1.069007309153676
616,-1.1065880448319192,-1.1065880448319192
617,-0.9713367852129676,-0.9713367852129676
618,-1.1531060573666594,-1.1531060573666594
619,-0.9725517820018208,-0.9725517820018208
620,-1.084276144818742,-1.084276144818742
621,-0.8558230409326479,-0.8558230409326479
622,-0.893300451049509,-0.893300451049509
623,-1.1757119533627531,-1.1757119533627531
624,-1.1369164073190023,-1.1369164073190023
625,-0.5530223133217576,-0.5530223133217576
626,-1.1668830564779828,-1.1668830564779828
627,-1.165188752403555,-1.165188752403555
628,-0.8923922342847485,-0.8923922342847485
629,-1.3490828904070595,-1.3490828904070595
630,-1.1992319637490798,-1.1992319637490798
631,-1.1718110474505166,-1.1718110474505166
632,-1.2375855861708176,-1.2375855861708176
633,-1.0446358678876893,-1.0446358678876893
634,-1.0479423602422078,-1.0479423602422078
635,-0.949566635974618,-0.949566635974618
636,-0.986931210756302,-0.986931210756302
637,-1.276236936103466,-1.276236936103466
638,-0.8083104837772458,-0.8083104837772458
639,-0.9754320512446322,-0.9754320512446322
640,-0.6216459347651555,-0.6216459347651555
641,-0.9962137567904568,-0.9962137567904568
642,-1.0832534640334373,-1.0832534640334373
643,-1.423389238904613,-1.423389238904613
644,-1.1715704627739367,-1.1715704627739367
645,-1.0631372032239454,-1.0631372032239454
646,-0.8575143391691794,-0.8575143391691794
647,-1.467962947002677,-1.467962947002677
648,-1.0091646918954775,-1.0091646918954775
649,-1.0101682123287703,-1.0101682123287703
650,-1.155968046927637,-1.155968046927637
651,-1.0936019716336745,-1.0936019716336745
652,-1.075321069059446,-1.075321069059446
653,-1.121947104616683,-1.121947104616683
654,-1.23045814961426,-1.23045814961426
655,-0.6964001452275949,-0.6964001452275949
656,-1.0526764485263085,-1.0526764485263085
657,-1.0819974518561548,-1.0819974518561548
658,-0.9427145266717718,-0.9427145266717718
659,-1.2616923982782882,-1.2616923982782882
660,-1.265312691991643,-1.265312691991643
661,-1.3069401397261509,-1.3069401397261509
662,-1.1448702340902284,-1.1448702340902284
663,-1.1845856101013894,-1.1845856101013894
664,-1.1295502396730277,-1.1295502396730277
665,-0.3819578738175621,-0.3819578738175621
666,-1.227658789287242,-1.227658789287242
667,-0.974147363226543,-0.974147363226543
668,-1.045566812966221,-1.045566812966221
669,-0.9600427760634312,-0.9600427760634312
670,-1.1126274720642917,-1.1126274720642917
671,-1.1093632934629456,-1.1093632934629456
672,-1.362488818723102,-1.362488818723102
673,-0.9430506109267244,-0.9430506109267244
674,-1.2058373920677243,-1.2058373920677243
675,-1.0654072666590193,-1.0654072666590193
676,-1.3632244851238045,-1.3632244851238045
677,-0.9839149334633998,-0.9839149334633998
678,-1.3436043484266411,-1.3436043484266411
679,-1.2086697614799111,-1.2086697614799111
680,-0.9088249003240304,-0.9088249003240304
681,-1.02565705591394,-1.02565705591394
682,-1.252041411954303,-1.252041411954303
683,-1.4603250701298085,-1.4603250701298085
684,-0.6085732759169813,-0.6085732759169813
685,-0.8416861877884976,-0.8416861877884976
686,-1.1414649708326472,-1.1414649708326472
687,-0.7483290544776029,-0.7483290544776029
688,-0.962970634763555,-0.962970634763555
689,-1.040171048437902,-1.040171048437902
690,-1.2735819483912267,-1.2735819483912267
691,-1.2466293065122855,-1.2466293065122855
692,-0.8731370018434155,-0.8731370018434155
693,-0.6589803039565567,-0.6589803039565567
694,-0.6664935938919647,-0.6664935938919647
695,-0.6858300977899122,-0.6858300977899122
696,-0.8375875580218411,-0.8375875580218411
697,-0.8407925829406857,-0.8407925829406857
698,-1.0532823634702106,-1.0532823634702106
699,-1.1039707429649297,-1.1039707429649297
700,-2.0277345671373257,-2.0277345671373257
701,-1.4818019238553306,-1.4818019238553306
702,-0.9052165940750476,-0.9052165940750476
703,-1.5005462514029608,-1.5005462514029608
704,-1.1451025995714912,-1.1451025995714912
705,-0.9821085957593696,-0.9821085957593696
706,-1.1103871330922963,-1.1103871330922963
707,-0.8314126397288123,-0.8314126397288123
708,-0.7187864882077357,-0.7187864882077357
709,-0.4217925969465279,-0.4217925969465279
710,-0.8063943908328102,-0.8063943908328102
711,-1.0240275343259175,-1.0240275343259175
712,-2.393489045756204,-2.393489045756204
713,-1.0648867631143375,-1.0648867631143375
714,-0.8143170457333326,-0.8143170457333326
715,-1.5607729156812031,-1.5607729156812031
716,-0.8822214643160502,-0.8822214643160502
717,-1.1564070485359017,-1.1564070485359017
718,-0.9574005644896936,-0.9574005644896936
719,-2.564835851842707,-2.564835851842707
720,-1.0582756812755878,-1.0582756812755878
721,-0.6537334595539773,-0.6537334595539773
722,-1.0356809540492733,-1.0356809540492733
723,-1.1704581033351809,-1.1704581033351809
724,-1.1225971260736154,-1.1225971260736154
725,-0.8043849569882533,-0.8043849569882533
726,-0.7296212893123775,-0.7296212893123775
727,-2.549567761628524,-2.549567761628524
728,-2.0921104976109097,-2.0921104976109097
729,-0.8818471321353206,-0.8818471321353206
730,-0.7844222178682685,-0.7844222178682685
731,-1.307698161513717,-1.307698161513717
732,-1.2793058259412646,-1.2793058259412646
733,-0.8700872687622905,-0.8700872687622905
734,-1.4578692571137302,-1.4578692571137302
735,-0.7976936360662298,-0.7976936360662298
736,-0.7791015140034936,-0.7791015140034936
737,-1.3651027513104816,-1.3651027513104816
738,-0.8690641987042165,-0.8690641987042165
739,-1.5222024714299875,-1.5222024714299875
740,-0.6247864603996277,-0.6247864603996277
741,-0.962858700012976,-0.962858700012976
742,-1.2556458406670148,-1.2556458406670148
743,-1.4766263185545456,-1.4766263185545456
744,-1.3575258133932948,-1.3575258133932948
745,-0.8956210827454925,-0.8956210827454925
746,-1.173644240351691,-1.173644240351691
747,-0.5774541169173958,-0.5774541169173958
748,-1.108183034828731,-1.108183034828731
749,-0.5510604844164493,-0.5510604844164493
750,-0.7815705873072147,-0.7815705873072147
751,-1.6898934489996855,-1.6898934489996855
752,-0.8678465314613756,-0.8678465314613756
753,-0.7437243286029313,-0.7437243286029313
754,-1.2355845952406526,-1.2355845952406526
755,-0.9978587646332998,-0.9978587646332998
756,-1.1490892809490825,-1.1490892809490825
757,-1.1916456407354783,-1.1916456407354783
758,-0.9377386197447776,-0.9377386197447776
759,-0.8109342863162359,-0.8109342863162359
760,-1.2915877297867175,-1.2915877297867175
761,-0.9822625666856766,-0.9822625666856766
762,-1.326613837480545,-1.326613837480545
763,-1.2726996764540672,-1.2726996764540672
764,-1.0797471101467426,-1.0797471101467426
765,-0.6381256132044344,-0.6381256132044344
766,-0.7277954419453939,-0.7277954419453939
767,-1.1412101235500602,-1.1412101235500602
768,-0.7924549690512723,-0.7924549690512723
769,-0.6808440639067066,-0.6808440639067066
770,-0.6075187590387132,-0.6075187590387132
771,-0.7166843793188878,-0.7166843793188878
772,-0.8943157889405076,-0.8943157889405076
773,-0.7439198708161712,-0.7439198708161712
774,-1.1664792014434275,-1.1664792014434275
775,-1.928657330964741,-1.928657330964741
776,-1.3896753875832808,-1.3896753875832808
777,-0.6839143264861334,-0.6839143264861334
778,-1.7407577940911958,-1.7407577940911958
779,-0.6165488915009932,-0.6165488915009932
780,-0.7491223784380181,-0.7491223784380181
781,-0.7390758372092432,-0.7390758372092432
782,-1.75854636624802,-1.75854636624802
783,-0.6793610442768444,-0.6793610442768444
784,-0.8278150288263957,-0.8278150288263957
785,-0.9836193378581556,-0.9836193378581556
786,-3.080288682665144,-3.080288682665144
787,-1.1284849029034376,-1.1284849029034376
788,-0.9744678329127704,-0.9744678329127704
789,-0.9184435649749336,-0.9184435649749336
790,-2.28874757497207,-2.28874757497207
791,-1.9341980603433424,-1.9341980603433424
792,-0.7837833911180496,-0.7837833911180496
793,-0.4589209988361268,-0.4589209988361268
794,-0.5693538188934326,-0.5693538188934326
795,-0.6653598146513104,-0.6653598146513104
796,-1.2590042130891668,-1.2590042130891668
797,-0.6366169489631357,-0.6366169489631357
798,-0.7851161770522594,-0.7851161770522594
799,-1.1371372827263766,-1.1371372827263766
800,-0.8756405577179074,-0.8756405577179074
801,-1.0267461055311664,-1.0267461055311664
802,-1.487541596094767,-1.487541596094767
803,-1.4415029305820315,-1.4415029305820315
804,-1.0504088087599406,-1.0504088087599406
805,-1.1655071696569754,-1.1655071696569754
806,-0.795578635940256,-0.795578635940256
807,-1.1144700050354004,-1.1144700050354004
808,-1.295621587324512,-1.295621587324512
809,-1.2217855924783751,-1.2217855924783751
810,-1.4213821703149367,-1.4213821703149367
811,-1.5655582344139016,-1.5655582344139016
812,-2.4147488134247914,-2.4147488134247914
813,-1.347092803384437,-1.347092803384437
814,-0.9895184418951818,-0.9895184418951818
815,-1.1427647983655334,-1.1427647983655334
816,-1.1657129609307575,-1.1657129609307575
817,-0.956510582635569,-0.956510582635569
818,-1.265825063683266,-1.265825063683266
819,-1.1532215434451436,-1.1532215434451436
820,-1.0881763345511384,-1.0881763345511384
821,-0.9339925993320554,-0.9339925993320554
822,-1.0582754861476809,-1.0582754861476809
823,-1.3788144967352698,-1.3788144967352698
824,-1.3704591185547583,-1.3704591185547583
825,-0.5908574986661601,-0.5908574986661601
826,-1.330005255780479,-1.330005255780479
827,-1.34723161726959,-1.34723161726959
828,-1.0396107666252197,-1.0396107666252197
829,-1.4358233786368555,-1.4358233786368555
830,-1.3548702380453894,-1.3548702380453894
831,-1.2750964441964792,-1.2750964441964792
832,-1.290292316628981,-1.290292316628981
833,-1.111040093177973,-1.111040093177973
834,-1.1398789947347123,-1.1398789947347123
835,-0.985289733539256,-0.985289733539256
836,-1.0338543911774951,-1.0338543911774951
837,-1.243152982504793,-1.243152982504793
838,-0.8572127800579219,-0.8572127800579219
839,-1.0468492138293362,-1.0468492138293362
840,-0.6629406883166387,-0.6629406883166387
841,-1.0769505205080492,-1.0769505205080492
842,-1.2003750773363335,-1.2003750773363335
843,-1.3405465654624524,-1.3405465654624524
844,-1.1197898776032205,-1.1197898776032205
845,-1.080704089283019,-1.080704089283019
846,-0.9605230872086652,-0.9605230872086652
847,-1.428295143814974,-1.428295143814974
848,-1.1240737586058387,-1.1240737586058387
849,-1.0543024410573087,-1.0543024410573087
850,-1.2481016715367634,-1.2481016715367634
851,-1.3143271882404652,-1.3143271882404652
852,-1.1732499885928722,-1.1732499885928722
853,-1.2165807522544565,-1.2165807522544565
854,-1.258955951808959,-1.258955951808959
855,-0.8144852939502213,-0.8144852939502213
856,-1.1863493669864744,-1.1863493669864744
857,-1.1664449567942656,-1.1664449567942656
858,-0.9982157160145368,-0.9982157160145368
859,-1.3292724845945374,-1.3292724845945374
860,-1.4399421640144765,-1.4399421640144765
861,-1.3659184921619505,-1.3659184921619505
862,-1.324868034022723,-1.324868034022723
863,-1.2588781765265058,-1.2588781765265058
864,-1.151703115609976,-1.151703115609976
865,-0.4611515638440154,-0.4611515638440154
866,-1.2955744941105214,-1.2955744941105214
867,-1.069013663040575,-1.069013663040575
868,-1.1475588499113571,-1.1475588499113571
869,-0.9504755448925404,-0.9504755448925404
870,-1.1272441185722055,-1.1272441185722055
871,-1.2092223139696343,-1.2092223139696343
872,-1.5535315118094748,-1.5535315118094748
873,-1.0779445661130802,-1.0779445661130802
874,-1.3139465003050574,-1.3139465003050574
875,-1.1128083066602723,-1.1128083066602723
876,-1.3960384481637054,-1.3960384481637054
877,-1.0019473142402118,-1.0019473142402118
878,-1.2564437121383905,-1.2564437121383905
879,-1.2750565914784449,-1.2750565914784449
880,-1.064808258714602,-1.064808258714602
881,-1.1438268275223962,-1.1438268275223962
882,-1.3157008562901222,-1.3157008562901222
883,-1.587521881096123,-1.587521881096123
884,-0.6746961575634075,-0.6746961575634075
885,-1.054822293362876,-1.054822293362876
886,-1.2465600967407229,-1.2465600967407229
887,-0.8905191513919091,-0.8905191513919091
888,-1.0184622199036355,-1.0184622199036355
889,-1.179511947225231,-1.179511947225231
890,-1.4175517632979755,-1.4175517632979755
891,-1.3645302371461263,-1.3645302371461263
892,-0.9638629310814908,-0.9638629310814908
893,-0.7701402191043825,-0.7701402191043825
894,-0.5694917696940748,-0.5694917696940748
895,-0.7553726721179578,-0.7553726721179578
896,-0.911787751109101,-0.911787751109101
897,-0.9811964210613754,-0.9811964210613754
898,-1.1017071526179942,-1.1017071526179942
899,-1.0905075821765633,-1.0905075821765633
900,-2.1531626126345467,-2.1531626126345467
901,-1.3736509565235109,-1.3736509565235109
902,-0.8727377089419106,-0.8727377089419106
903,-1.4551485114627414,-1.4551485114627414
904,-1.167272058026544,-1.167272058026544
905,-0.9732428835343944,-0.9732428835343944
906,-1.107901624270848,-1.107901624270848
907,-0.8217281685319058,-0.8217281685319058
908,-0.6788067789964898,-0.6788067789964898
909,-0.4590042387997662,-0.4590042387997662
910,-0.710730757032122,-0.710730757032122
911,-1.1121746023495993,-1.1121746023495993
912,-2.4125231419290816,-2.4125231419290816
913,-0.9797641713489856,-0.9797641713489856
914,-0.7816976178437471,-0.7816976178437471
915,-1.3661479983064864,-1.3661479983064864
916,-0.8441185623407363,-0.8441185623407363
917,-1.090743022371632,-1.090743022371632
918,-0.9551466237539532,-0.9551466237539532
919,-2.5447941314090383,-2.5447941314090383
920,-1.0630264328076289,-1.0630264328076289
921,-0.5537737219832665,-0.5537737219832665
922,-0.8423314516137286,-0.8423314516137286
923,-1.166313504987909,-1.166313504987909
924,-1.0643670799196228,-1.0643670799196228
925,-0.8246288835540299,-0.8246288835540299
926,-0.6547498481218205,-0.6547498481218205
927,-2.3579377817071,-2.3579377817071
928,-2.2835466237295243,-2.2835466237295243
929,-0.7919782731268141,-0.7919782731268141
930,-0.6724967351183295,-0.6724967351183295
931,-1.336081659352338,-1.336081659352338
932,-1.207956125959754,-1.207956125959754
933,-0.8710717298090458,-0.8710717298090458
934,-1.4099623352982278,-1.4099623352982278
935,-0.8967150329619415,-0.8967150329619415
936,-0.772445406426083,-0.772445406426083
937,-1.3074941311695778,-1.3074941311695778
938,-0.7382471063944298,-0.7382471063944298
939,-1.437627871831258,-1.437627871831258
940,-0.6679133736170255,-0.6679133736170255
941,-0.8548428226811017,-0.8548428226811017
942,-1.0793021159578664,-1.0793021159578664
943,-1.3930986703828323,-1.3930986703828323
944,-1.2536588972434402,-1.2536588972434402
945,-0.8945253184065223,-0.8945253184065223
946,-1.0325489320616792,-1.0325489320616792
947,-0.5851328520811805,-0.5851328520811805
948,-1.17976142678942,-1.17976142678942
949,-0.5668749666925686,-0.5668749666925686
950,-0.7770476331934333,-0.7770476331934333
951,-1.635932714440102,-1.635932714440102
952,-0.8278110600257105,-0.8278110600257105
953,-0.5585725880408472,-0.5585725880408472
954,-1.2354127587750554,-1.2354127587750554
955,-0.9823220495193724,-0.9823220495193724
956,-1.155324011810066,-1.155324011810066
957,-1.1374464182890662,-1.1374464182890662
958,-0.9076359234750272,-0.9076359234750272
959,-0.8089884966611862,-0.8089884966611862
960,-1.2880450228387996,-1.2880450228387996
961,-1.082792608998716,-1.082792608998716
962,-1.295986109972,-1.295986109972
963,-1.1982823256403208,-1.1982823256403208
964,-1.001769498678354,-1.001769498678354
965,-0.6238675667689397,-0.6238675667689397
966,-0.7210951368938121,-0.7210951368938121
967,-1.0271869223247203,-1.0271869223247203
968,-0.8001457036927689,-0.8001457036927689
969,-0.6080685040747472,-0.6080685040747472
970,-0.564155880420927,-0.564155880420927
971,-0.618917560392572,-0.618917560392572
972,-0.9216692666618193,-0.9216692666618193
973,-0.656380133703351,-0.656380133703351
974,-1.0374137648438986,-1.0374137648438986
975,-2.1707630220212435,-2.1707630220212435
976,-1.421484375,-1.421484375
977,-0.6777677668465508,-0.6777677668465508
978,-1.4944843848546343,-1.4944843848546343
979,-0.6073457847942005,-0.6073457847942005
980,-0.6405453672704771,-0.6405453672704771
981,-0.7224997540777044,-0.7224997540777044
982,-1.76916465648385,-1.76916465648385
983,-0.6459886182438244,-0.6459886182438244
984,-0.8235067764918009,-0.8235067764918009
985,-0.9475127929864928,-0.9475127929864928
986,-2.881800027120681,-2.881800027120681
987,-1.0317964339628816,-1.0317964339628816
988,-0.9841363845869552,-0.9841363845869552
989,-0.9360624945491826,-0.9360624945491826
990,-2.218009658481764,-2.218009658481764
991,-1.7521446443373156,-1.7521446443373156
992,-0.7971815764904022,-0.7971815764904022
993,-0.44891178983403,-0.44891178983403
994,-0.4744705377623092,-0.4744705377623092
995,-0.7809459017589688,-0.7809459017589688
996,-1.3321846233781918,-1.3321846233781918
997,-0.6028988130332887,-0.6028988130332887
998,-0.7939108582213521,-0.7939108582213521
999,-1.058813162552294,-1.058813162552294
1000,-0.94730652117914,-0.94730652117914
1001,-1.209546854783749,-1.209546854783749
1002,-1.5360420415567797,-1.5360420415567797
1003,-1.5118062218954398,-1.5118062218954398
1004,-1.056778598201367,-1.056778598201367
1005,-1.1935066529946734,-1.1935066529946734
1006,-0.8739763008531674,-0.8739763008531674
1007,-1.136698232140652,-1.136698232140652
1008,-1.5345183398372444,-1.5345183398372444
1009,-1.2933433527170226,-1.2933433527170226
1010,-1.2512967235358186,-1.2512967235358186
1011,-0.937179045362787,-0.937179045362787
1012,-2.497915097645351,-2.497915097645351
1013,-1.387402555004495,-1.387402555004495
1014,-1.1822064116943714,-1.1822064116943714
1015,-1.292268730700016,-1.292268730700016
1016,-1.175765007041221,-1.175765007041221
1017,-1.1581273088159487,-1.1581273088159487
1018,-1.3630601666694464,-1.3630601666694464
1019,-1.2761754139449246,-1.2761754139449246
1020,-1.285377302835154,-1.285377302835154
1021,-1.0058530042337817,-1.0058530042337817
1022,-0.8705152467239735,-0.8705152467239735
1023,-1.2707098472950071,-1.2707098472950071
1024,-1.297013757764831,-1.297013757764831
1025,-0.5901188830025176,-0.5901188830025176
1026,-1.3621638699095378,-1.3621638699095378
1027,-1.318048630573953,-1.318048630573953
1028,-1.056962064994398,-1.056962064994398
1029,-1.4592890942743582,-1.4592890942743582
1030,-1.4883549878763598,-1.4883549878763598
1031,-1.285592703856239,-1.285592703856239
1032,-1.3659303668857543,-1.3659303668857543
1033,-1.1943035319794055,-1.1943035319794055
1034,-1.2348786638688671,-1.2348786638688671
1035,-1.0784049413000891,-1.0784049413000891
1036,-1.04050217072169,-1.04050217072169
1037,-1.4439025211703869,-1.4439025211703869
1038,-1.1403490194054535,-1.1403490194054535
1039,-1.0268661948137503,-1.0268661948137503
1040,-0.6575363012460562,-0.6575363012460562
1041,-1.205087279164514,-1.205087279164514
1042,-1.168418242949848,-1.168418242949848
1043,-1.5723862204440804,-1.5723862204440804
1044,-1.289510958878569,-1.289510958878569
1045,-1.2452695665433424,-1.2452695665433424
1046,-0.9937029692131704,-0.9937029692131704
1047,-1.577999809915705,-1.577999809915705
1048,-1.1627190159272778,-1.1627190159272778
1049,-1.0850461693697198,-1.0850461693697198
1050,-1.260360795398091,-1.260360795398091
1051,-1.361738271491472,-1.361738271491472
1052,-1.3083255087682444,-1.3083255087682444
1053,-1.424066620279652,-1.424066620279652
1054,-1.4028171310129092,-1.4028171310129092
1055,-0.8383692558421645,-0.8383692558421645
1056,-1.2222918512285217,-1.2222918512285217
1057,-1.059297277945881,-1.059297277945881
1058,-1.0522722125977508,-1.0522722125977508
1059,-1.34621804814006,-1.34621804814006
1060,-1.4098474850026212,-1.4098474850026212
1061,-1.551292433295139,-1.551292433295139
1062,-1.3721188491629075,-1.3721188491629075
1063,-1.3157718070717743,-1.3157718070717743
1064,-1.385537440960224,-1.385537440960224
1065,-0.5438201750895774,-0.5438201750895774
1066,-1.4067518018012823,-1.4067518018012823
1067,-1.1973935069963917,-1.1973935069963917
1068,-1.1937999226326166,-1.1937999226326166
1069,-1.170104365016139,-1.170104365016139
1070,-1.100753384967183,-1.100753384967183
1071,-1.333886784176494,-1.333886784176494
1072,-1.5649276796237443,-1.5649276796237443
1073,-1.1635846749756686,-1.1635846749756686
1074,-1.3548241188359815,-1.3548241188359815
1075,-1.3419813118149748,-1.3419813118149748
1076,-1.4371579284815823,-1.4371579284815823
1077,-1.086648521497268,-1.086648521497268
1078,-1.4538099599439045,-1.4538099599439045
1079,-1.1928557692948034,-1.1928557692948034
1080,-1.2195035099059113,-1.2195035099059113
1081,-1.2418287438015605,-1.2418287438015605
1082,-1.392762770948484,-1.392762770948484
1083,-1.761546952779903,-1.761546952779903
1084,-0.7070666630313082,-0.7070666630313082
1085,-1.159051397050074,-1.159051397050074
1086,-1.352382409480191,-1.352382409480191
1087,-1.0682446087977684,-1.0682446087977684
1088,-1.1018361176631248,-1.1018361176631248
1089,-0.9908798295398092,-0.9908798295398092
1090,-1.4053150849748952,-1.4053150849748952
1091,-1.5340560397436451,-1.5340560397436451
1092,-0.9606124911197396,-0.9606124911197396
1093,-0.8091969795005266,-0.8091969795005266
1094,-0.5815394332137289,-0.5815394332137289
1095,-0.7885011231252389,-0.7885011231252389
1096,-0.8784524673639342,-0.8784524673639342
1097,-1.0201737400173216,-1.0201737400173216
1098,-1.2217881041903829,-1.2217881041903829
1099,-1.2043624090593914,-1.2043624090593914
1100,-2.5072617600945866,-2.5072617600945866
1101,-1.380112459493238,-1.380112459493238
1102,-0.8601650618767553,-0.8601650618767553
1103,-1.158869695663452,-1.158869695663452
1104,-1.1314395625015785,-1.1314395625015785
1105,-0.9510826269785564,-0.9510826269785564
1106,-1.2017080370260744,-1.2017080370260744
1107,-0.8966014043305272,-0.8966014043305272
1108,-0.6890186025190723,-0.6890186025190723
1109,-0.4244914805447614,-0.4244914805447614
1110,-0.6556546869732085,-0.6556546869732085
1111,-1.100677740573883,-1.100677740573883
1112,-2.4986809492111206,-2.4986809492111206
1113,-0.8801429105359454,-0.8801429105359454
1114,-0.6018198933452368,-0.6018198933452368
1115,-1.873504443301095,-1.873504443301095
1116,-0.9124382187922796,-0.9124382187922796
1117,-1.2155392696691114,-1.2155392696691114
1118,-0.9231020938390972,-0.9231020938390972
1119,-2.025389996441928,-2.025389996441928
1120,-1.0123075567759,-1.0123075567759
1121,-0.6608687020087427,-0.6608687020087427
1122,-0.7964545430206671,-0.7964545430206671
1123,-1.2193042363307274,-1.2193042363307274
1124,-0.8252170557199523,-0.8252170557199523
1125,-0.8088237333667371,-0.8088237333667371
1126,-0.7263083217679992,-0.7263083217679992
1127,-2.080397735471311,-2.080397735471311
1128,-1.49977293468657,-1.49977293468657
1129,-1.0498019986682467,-1.0498019986682467
1130,-0.667616450227797,-0.667616450227797
1131,-1.395692613389757,-1.395692613389757
1132,-1.2528730127960443,-1.2528730127960443
1133,-0.7296535763889551,-0.7296535763889551
1134,-1.3017071291457776,-1.3017071291457776
1135,-0.8338147956271504,-0.8338147956271504
1136,-0.8238353891806169,-0.8238353891806169
1137,-1.2283717477044394,-1.2283717477044394
1138,-0.7397025194693738,-0.7397025194693738
1139,-1.4207007626230403,-1.4207007626230403
1140,-0.6603455405968887,-0.6603455405968887
1141,-0.7473954794018768,-0.7473954794018768
1142,-1.0308312778325044,-1.0308312778325044
1143,-1.3582743212234143,-1.3582743212234143
1144,-1.2470834404230118,-1.2470834404230118
1145,-0.815960287116468,-0.815960287116468
1146,-0.8345943585686062,-0.8345943585686062
1147,-0.5858300295911094,-0.5858300295911094
1148,-1.2720410100051336,-1.2720410100051336
1149,-0.5655355239982036,-0.5655355239982036
1150,-0.6107657859101892,-0.6107657859101892
1151,-1.6875154473060785,-1.6875154473060785
1152,-0.8952103160148444,-0.8952103160148444
1153,-0.5728041783783787,-0.5728041783783787
1154,-1.254156862385571,-1.254156862385571
1155,-0.9613650526319232,-0.9613650526319232
1156,-0.9796277044355408,-0.9796277044355408
1157,-1.1447443804999655,-1.1447443804999655
1158,-0.986097807995975,-0.986097807995975
1159,-0.8261549144983291,-0.8261549144983291
1160,-1.2834522021833317,-1.2834522021833317
1161,-0.8633355433121324,-0.8633355433121324
1162,-1.250542651116848,-1.250542651116848
1163,-1.1292847245931623,-1.1292847245931623
1164,-0.8764466927601741,-0.8764466927601741
1165,-0.6923257163447193,-0.6923257163447193
1166,-0.730323217635931,-0.730323217635931
1167,-0.9861314999040708,-0.9861314999040708
1168,-0.7635204126668531,-0.7635204126668531
1169,-0.5908691125322681,-0.5908691125322681
1170,-0.5359340357402015,-0.5359340357402015
1171,-0.5837182471918505,-0.5837182471918505
1172,-0.6311219565722407,-0.6311219565722407
1173,-0.5819736951962113,-0.5819736951962113
1174,-1.0345199139772263,-1.0345199139772263
1175,-1.70682366270768,-1.70682366270768
1176,-1.2631393106360185,-1.2631393106360185
1177,-0.5532393682570684,-0.5532393682570684
1178,-1.484038472175598,-1.484038472175598
1179,-0.614948803728277,-0.614948803728277
1180,-0.6902686080267263,-0.6902686080267263
1181,-0.7515479344730229,-0.7515479344730229
1182,-1.5085643067840455,-1.5085643067840455
1183,-0.722532016580755,-0.722532016580755
1184,-0.8522378460566202,-0.8522378460566202
1185,-0.756399578826372,-0.756399578826372
1186,-3.0976942607334683,-3.0976942607334683
1187,-0.9187644449993968,-0.9187644449993968
1188,-0.8796646521072979,-0.8796646521072979
1189,-0.9363807899142624,-0.9363807899142624
1190,-1.912898006646529,-1.912898006646529
1191,-1.9043520592874097,-1.9043520592874097
1192,-1.012485808134079,-1.012485808134079
1193,-0.4476235194469061,-0.4476235194469061
1194,-0.4230746502100035,-0.4230746502100035
1195,-0.7106293151155114,-0.7106293151155114
1196,-1.1821132103602092,-1.1821132103602092
1197,-0.635322326837584,-0.635322326837584
1198,-0.7980536930263042,-0.7980536930263042
1199,-0.985621027244154,-0.985621027244154
1200,-1.0206834290378777,-1.0206834290378777
1201,-1.2673891967740551,-1.2673891967740551
1202,-1.6452260756677437,-1.6452260756677437
1203,-1.722765699837559,-1.722765699837559
1204,-1.0591791008794031,-1.0591791008794031
1205,-1.3693696445272874,-1.3693696445272874
1206,-0.9747319397076156,-0.9747319397076156
1207,-1.4680769822394202,-1.4680769822394202
1208,-1.4300247440042422,-1.4300247440042422
1209,-1.3146238142205764,-1.3146238142205764
1210,-1.5210881020671638,-1.5210881020671638
1211,-1.563579153228592,-1.563579153228592
1212,-2.40241471358708,-2.40241471358708
1213,-1.546698269296865,-1.546698269296865
1214,-1.3086653069932332,-1.3086653069932332
1215,-1.3673237841576338,-1.3673237841576338
1216,-1.3082659651142683,-1.3082659651142683
1217,-1.326270205105922,-1.326270205105922
1218,-1.410517004109168,-1.410517004109168
1219,-1.1996930985487708,-1.1996930985487708
1220,-1.3621634623801062,-1.3621634623801062
1221,-1.1448885257854018,-1.1448885257854018
1222,-1.198366683582927,-1.198366683582927
1223,-1.57410289797672,-1.57410289797672
1224,-1.6062151313752169,-1.6062151313752169
1225,-0.5679621808549278,-0.5679621808549278
1226,-1.5819297261940417,-1.5819297261940417
1227,-1.4158975985623146,-1.4158975985623146
1228,-1.1664095618004022,-1.1664095618004022
1229,-1.6600501712902571,-1.6600501712902571
1230,-1.5097004960673723,-1.5097004960673723
1231,-1.4128772057304086,-1.4128772057304086
1232,-1.4677489857340968,-1.4677489857340968
1233,-1.2794023622838102,-1.2794023622838102
1234,-1.4101851522460465,-1.4101851522460465
1235,-1.1850852134615877,-1.1850852134615877
1236,-1.2099711368481318,-1.2099711368481318
1237,-1.4760589137557865,-1.4760589137557865
1238,-1.032415745794311,-1.032415745794311
1239,-1.1305339650590291,-1.1305339650590291
1240,-0.6707637310028076,-0.6707637310028076
1241,-1.3906729147415753,-1.3906729147415753
1242,-1.3798836635988811,-1.3798836635988811
1243,-1.6126116735990657,-1.6126116735990657
1244,-1.3522288984106492,-1.3522288984106492
1245,-1.2509902882021526,-1.2509902882021526
1246,-1.1272753439550325,-1.1272753439550325
1247,-1.604225290838138,-1.604225290838138
1248,-1.2826672847880871,-1.2826672847880871
1249,-1.1917169620824417,-1.1917169620824417
1250,-1.4120093925978787,-1.4120093925978787
1251,-1.5416423969490582,-1.5416423969490582
1252,-1.3627147600632306,-1.3627147600632306
1253,-1.4348168474759242,-1.4348168474759242
1254,-1.5227174851321434,-1.5227174851321434
1255,-0.8883569702621579,-0.8883569702621579
1256,-1.440774493439253,-1.440774493439253
1257,-1.4047244750252066,-1.4047244750252066
1258,-1.1958282954933108,-1.1958282954933108
1259,-1.3752393833426542,-1.3752393833426542
1260,-1.756273204042006,-1.756273204042006
1261,-1.5904230387635934,-1.5904230387635934
1262,-1.3948727596637815,-1.3948727596637815
1263,-1.2927362345909887,-1.2927362345909887
1264,-1.3985927251669077,-1.3985927251669077
1265,-0.6283730370129725,-0.6283730370129725
1266,-1.434691687887029,-1.434691687887029
1267,-1.2847406716309775,-1.2847406716309775
1268,-1.2902398118677063,-1.2902398118677063
1269,-1.2316949912743975,-1.2316949912743975
1270,-1.1866893491079642,-1.1866893491079642
1271,-1.3582405092180236,-1.3582405092180236
1272,-1.7706844409306843,-1.7706844409306843
1273,-1.3044036977974944,-1.3044036977974944
1274,-1.618498786475307,-1.618498786475307
1275,-1.2512606477315449,-1.2512606477315449
1276,-1.620843816173169,-1.620843816173169
1277,-1.2179287182268246,-1.2179287182268246
1278,-1.5287046155264212,-1.5287046155264212
1279,-1.35391147257918,-1.35391147257918
1280,-1.2720393284346707,-1.2720393284346707
1281,-1.2314177723818047,-1.2314177723818047
1282,-1.3987346712008928,-1.3987346712008928
1283,-1.6636064126510028,-1.6636064126510028
1284,-0.8101821046955181,-0.8101821046955181
1285,-1.2236859068390011,-1.2236859068390011
1286,-1.490398365397786,-1.490398365397786
1287,-1.1621770701667136,-1.1621770701667136
1288,-1.1374203576598056,-1.1374203576598056
1289,-1.147083835084309,-1.147083835084309
1290,-1.5117755638536556,-1.5117755638536556
1291,-1.5159382487452306,-1.5159382487452306
1292,-1.0922012550886286,-1.0922012550886286
1293,-0.93951893407245,-0.93951893407245
1294,-0.6056045655962787,-0.6056045655962787
1295,-1.0472579843314118,-1.0472579843314118
1296,-1.065082115720409,-1.065082115720409
1297,-1.1624780791674474,-1.1624780791674474
1298,-1.349193302235862,-1.349193302235862
1299,-1.215976311254871,-1.215976311254871
1300,-2.1133412964203777,-2.1133412964203777
1301,-1.4306207045104151,-1.4306207045104151
1302,-0.987179623093716,-0.987179623093716
1303,-1.358222664727105,-1.358222664727105
1304,-1.0545968187266384,-1.0545968187266384
1305,-0.9677177880161492,-0.9677177880161492
1306,-1.1607129549493596,-1.1607129549493596
1307,-0.896144051884496,-0.896144051884496
1308,-0.7652663399082745,-0.7652663399082745
1309,-0.4633687116481639,-0.4633687116481639
1310,-0.7955703326633998,-0.7955703326633998
1311,-1.0158594171206157,-1.0158594171206157
1312,-2.402424326964787,-2.402424326964787
1313,-1.0237101279487906,-1.0237101279487906
1314,-0.7864430993795395,-0.7864430993795395
1315,-1.611493104034,-1.611493104034
1316,-0.9113183190425236,-0.9113183190425236
1317,-1.2039341399835986,-1.2039341399835986
1318,-0.9610654238996834,-0.9610654238996834
1319,-2.3868279402906243,-2.3868279402906243
1320,-1.079674175152412,-1.079674175152412
1321,-0.6014529180157092,-0.6014529180157092
1322,-0.958633732504961,-0.958633732504961
1323,-1.0751906753510467,-1.0751906753510467
1324,-1.0108230372732,-1.0108230372732
1325,-0.7954262125399686,-0.7954262125399686
1326,-0.6581905414891798,-0.6581905414891798
1327,-2.5271726743034693,-2.5271726743034693
1328,-2.1178416354315623,-2.1178416354315623
1329,-0.9280456304550172,-0.9280456304550172
1330,-0.8000476146116853,-0.8000476146116853
1331,-1.3906634295428242,-1.3906634295428242
1332,-1.2988599529489877,-1.2988599529489877
1333,-0.8336336109787226,-0.8336336109787226
1334,-1.3695022486901098,-1.3695022486901098
1335,-0.8474051009776981,-0.8474051009776981
1336,-0.8146395994858309,-0.8146395994858309
1337,-1.3232123851776123,-1.3232123851776123
1338,-0.9035447582485168,-0.9035447582485168
1339,-1.50288233738537,-1.50288233738537
1340,-0.6754494391954862,-0.6754494391954862
1341,-0.8405216553414515,-0.8405216553414515
1342,-1.0604761875877085,-1.0604761875877085
1343,-1.4066582409910453,-1.4066582409910453
1344,-1.3156254207715392,-1.3156254207715392
1345,-0.9222364844754338,-0.9222364844754338
1346,-0.9929511875346086,-0.9929511875346086
1347,-0.6642528411953948,-0.6642528411953948
1348,-1.1126427693026406,-1.1126427693026406
1349,-0.5764075001673912,-0.5764075001673912
1350,-0.802238043397665,-0.802238043397665
1351,-1.7323857222416603,-1.7323857222416603
1352,-0.9710318885108296,-0.9710318885108296
1353,-0.6401671245116596,-0.6401671245116596
1354,-1.3207282833755016,-1.3207282833755016
1355,-0.9654643157171824,-0.9654643157171824
1356,-1.1261159846949025,-1.1261159846949025
1357,-1.3010470552961957,-1.3010470552961957
1358,-1.0415099235251546,-1.0415099235251546
1359,-0.814908907810847,-0.814908907810847
1360,-1.2235886662505393,-1.2235886662505393
1361,-1.1895387582480907,-1.1895387582480907
1362,-1.3355813756585122,-1.3355813756585122
1363,-1.2811239724978805,-1.2811239724978805
1364,-1.0130238028673024,-1.0130238028673024
1365,-0.6531337306030796,-0.6531337306030796
1366,-0.7316204392632772,-0.7316204392632772
1367,-1.1964429043984228,-1.1964429043984228
1368,-0.8473205224488133,-0.8473205224488133
1369,-0.7068504963734353,-0.7068504963734353
1370,-0.5658186702501207,-0.5658186702501207
1371,-0.5887803329053776,-0.5887803329053776
1372,-0.898221315169821,-0.898221315169821
1373,-0.7586925188079476,-0.7586925188079476
1374,-1.166742698281212,-1.166742698281212
1375,-1.8501520596052472,-1.8501520596052472
1376,-1.477801403246428,-1.477801403246428
1377,-0.6853632207900758,-0.6853632207900758
1378,-1.280343153259971,-1.280343153259971
1379,-0.6062359896573153,-0.6062359896573153
1380,-0.8057471153347991,-0.8057471153347991
1381,-0.8225109614143076,-0.8225109614143076
1382,-1.732930678729863,-1.732930678729863
1383,-0.6370730096643621,-0.6370730096643621
1384,-0.8238892793655396,-0.8238892793655396
1385,-0.9840288698211196,-0.9840288698211196
1386,-3.1719786326090493,-3.1719786326090493
1387,-1.0339676411822438,-1.0339676411822438
1388,-1.1107927422190822,-1.1107927422190822
1389,-0.9592330171427595,-0.9592330171427595
1390,-2.144165515899658,-2.144165515899658
1391,-1.850914051455836,-1.850914051455836
1392,-0.7965768575668335,-0.7965768575668335
1393,-0.4706719353443055,-0.4706719353443055
1394,-0.4948203452797823,-0.4948203452797823
1395,-0.724522614851594,-0.724522614851594
1396,-1.2765730767287025,-1.2765730767287025
1397,-0.6653259826260943,-0.6653259826260943
1398,-0.8804782275110483,-0.8804782275110483
1399,-1.11563633486282,-1.11563633486282
1400,-0.9860088677369347,-0.9860088677369347
1401,-1.1886450494157856,-1.1886450494157856
1402,-1.658482506293659,-1.658482506293659
1403,-1.6377694708432338,-1.6377694708432338
1404,-1.059442304825598,-1.059442304825598
1405,-1.260374430538148,-1.260374430538148
1406,-0.8879677537799806,-0.8879677537799806
1407,-1.2745677537696307,-1.2745677537696307
1408,-1.4399969503861063,-1.4399969503861063
1409,-1.3125652157983114,-1.3125652157983114
1410,-1.4697636449059774,-1.4697636449059774
1411,-1.6144373613399463,-1.6144373613399463
1412,-2.491292187145778,-2.491292187145778
1413,-1.4427454149136778,-1.4427454149136778
1414,-1.16810139020284,-1.16810139020284
1415,-1.294789658859372,-1.294789658859372
1416,-1.23323263123978,-1.23323263123978
1417,-1.1784567389377327,-1.1784567389377327
1418,-1.3338057135426722,-1.3338057135426722
1419,-1.1931988851044528,-1.1931988851044528
1420,-1.323543578155281,-1.323543578155281
1421,-1.098349879878436,-1.098349879878436
1422,-1.0839375109635585,-1.0839375109635585
1423,-1.522305265877598,-1.522305265877598
1424,-1.5680439398270245,-1.5680439398270245
1425,-0.5759675614854209,-0.5759675614854209
1426,-1.5329707315725871,-1.5329707315725871
1427,-1.3909496004267257,-1.3909496004267257
1428,-1.1310275044552116,-1.1310275044552116
1429,-1.6068653173224872,-1.6068653173224872
1430,-1.5526896105256192,-1.5526896105256192
1431,-1.357004770012789,-1.357004770012789
1432,-1.4441621636235438,-1.4441621636235438
1433,-1.2075082562690558,-1.2075082562690558
1434,-1.287198080572971,-1.287198080572971
1435,-1.131548747535824,-1.131548747535824
1436,-1.1293422480424244,-1.1293422480424244
1437,-1.3574997260589008,-1.3574997260589008
1438,-1.056848356890124,-1.056848356890124
1439,-1.1499513267546662,-1.1499513267546662
1440,-0.662403248823606,-0.662403248823606
1441,-1.302561922590862,-1.302561922590862
1442,-1.323450577351474,-1.323450577351474
1443,-1.4921767776326615,-1.4921767776326615
1444,-1.2796005712923153,-1.2796005712923153
1445,-1.223335404728734,-1.223335404728734
1446,-1.063614064314234,-1.063614064314234
1447,-1.540087620417277,-1.540087620417277
1448,-1.2189920771029568,-1.2189920771029568
1449,-1.098475650299427,-1.098475650299427
1450,-1.360239676726881,-1.360239676726881
1451,-1.3735255317170492,-1.3735255317170492
1452,-1.315193213233652,-1.315193213233652
1453,-1.3988761347393657,-1.3988761347393657
1454,-1.355297794637754,-1.355297794637754
1455,-0.8515590974526812,-0.8515590974526812
1456,-1.3142274729041166,-1.3142274729041166
1457,-1.2771635499111442,-1.2771635499111442
1458,-1.1130474685698517,-1.1130474685698517
1459,-1.326813402101975,-1.326813402101975
1460,-1.584888169007708,-1.584888169007708
1461,-1.576495928357738,-1.576495928357738
1462,-1.3508988942286766,-1.3508988942286766
1463,-1.310842104660448,-1.310842104660448
1464,-1.2410710243078378,-1.2410710243078378
1465,-0.5478063396705214,-0.5478063396705214
1466,-1.3630507223365842,-1.3630507223365842
1467,-1.1988314935403277,-1.1988314935403277
1468,-1.2577500888543536,-1.2577500888543536
1469,-1.140894749367884,-1.140894749367884
1470,-1.109295134396516,-1.109295134396516
1471,-1.3225471797839616,-1.3225471797839616
1472,-1.67815736744755,-1.67815736744755
1473,-1.2461784532827924,-1.2461784532827924
1474,-1.5441293263620184,-1.5441293263620184
1475,-1.2282403053435604,-1.2282403053435604
1476,-1.5186299926550813,-1.5186299926550813
1477,-1.1303146633990977,-1.1303146633990977
1478,-1.517602659011072,-1.517602659011072
1479,-1.3279255426536172,-1.3279255426536172
1480,-1.2161929330160453,-1.2161929330160453
1481,-1.2259982029596963,-1.2259982029596963
1482,-1.42814189519069,-1.42814189519069
1483,-1.701637258825376,-1.701637258825376
1484,-0.7349742088677749,-0.7349742088677749
1485,-1.280784337095512,-1.280784337095512
1486,-1.393084733061088,-1.393084733061088
1487,-1.113496740659078,-1.113496740659078
1488,-1.1479179249253384,-1.1479179249253384
1489,-1.1576522884442824,-1.1576522884442824
1490,-1.4601270182188166,-1.4601270182188166
1491,-1.519269301909809,-1.519269301909809
1492,-1.0656817125719646,-1.0656817125719646
1493,-0.9496270843254504,-0.9496270843254504
1494,-0.6340632287761833,-0.6340632287761833
1495,-0.9495532161505648,-0.9495532161505648
1496,-1.0296569092329158,-1.0296569092329158
1497,-1.1047173904818155,-1.1047173904818155
1498,-1.2534422135168268,-1.2534422135168268
1499,-1.1680320686148118,-1.1680320686148118
1500,-2.4288528596653656,-2.4288528596653656
1501,-1.437767257986143,-1.437767257986143
1502,-0.9408511912175852,-0.9408511912175852
1503,-1.4981255372365316,-1.4981255372365316
1504,-1.145172041037987,-1.145172041037987
1505,-1.0042317486548609,-1.0042317486548609
1506,-1.152922360264525,-1.152922360264525
1507,-0.8907295761182327,-0.8907295761182327
1508,-0.8412362558897152,-0.8412362558897152
1509,-0.4718285328076209,-0.4718285328076209
1510,-0.7217668737683978,-0.7217668737683978
1511,-1.0866026560465494,-1.0866026560465494
1512,-2.4905396103858948,-2.4905396103858948
1513,-1.0633376420930374,-1.0633376420930374
1514,-0.908044864423573,-0.908044864423573
1515,-1.638015435801612,-1.638015435801612
1516,-0.8797219276428223,-0.8797219276428223
1517,-1.1981862524683162,-1.1981862524683162
1518,-0.92815332303102,-0.92815332303102
1519,-2.645539251240817,-2.645539251240817
1520,-1.3614908342178051,-1.3614908342178051
1521,-0.601402200469675,-0.601402200469675
1522,-0.8957569759066512,-0.8957569759066512
1523,-1.240043182705724,-1.240043182705724
1524,-0.9838319813558296,-0.9838319813558296
1525,-0.8126962628475455,-0.8126962628475455
1526,-0.7354893573494845,-0.7354893573494845
1527,-2.4710301834604014,-2.4710301834604014
1528,-2.225786282902672,-2.225786282902672
1529,-0.9141177932421366,-0.9141177932421366
1530,-0.8290473930537701,-0.8290473930537701
1531,-1.507190938349123,-1.507190938349123
1532,-1.283772798255086,-1.283772798255086
1533,-0.8612113753333688,-0.8612113753333688
1534,-1.442641205565874,-1.442641205565874
1535,-1.016427719315817,-1.016427719315817
1536,-0.7904339188879187,-0.7904339188879187
1537,-1.396064744439236,-1.396064744439236
1538,-0.8484536334285586,-0.8484536334285586
1539,-1.5158304964849192,-1.5158304964849192
1540,-0.6662108302116394,-0.6662108302116394
1541,-0.8260627633841463,-0.8260627633841463
1542,-1.1462786918462708,-1.1462786918462708
1543,-1.4113088772278424,-1.4113088772278424
1544,-1.3685546349734068,-1.3685546349734068
1545,-0.9508959418162704,-0.9508959418162704
1546,-1.07596949217976,-1.07596949217976
1547,-0.7023659621098245,-0.7023659621098245
1548,-1.2696489138262612,-1.2696489138262612
1549,-0.566458863998527,-0.566458863998527
1550,-0.9064812744036316,-0.9064812744036316
1551,-1.7602579334909605,-1.7602579334909605
1552,-0.94846847815107,-0.94846847815107
1553,-0.6070729503335879,-0.6070729503335879
1554,-1.2687352262437344,-1.2687352262437344
1555,-0.9502976319146534,-0.9502976319146534
1556,-1.250150906023129,-1.250150906023129
1557,-1.216298312179802,-1.216298312179802
1558,-1.0430519869551065,-1.0430519869551065
1559,-0.8345113128423691,-0.8345113128423691
1560,-1.281236692916515,-1.281236692916515
1561,-1.171638360247016,-1.171638360247016
1562,-1.3328267872333526,-1.3328267872333526
1563,-1.280434986576438,-1.280434986576438
1564,-1.071416279902825,-1.071416279902825
1565,-0.673984892347939,-0.673984892347939
1566,-0.694978068041247,-0.694978068041247
1567,-1.2069761152415313,-1.2069761152415313
1568,-0.8284300658129906,-0.8284300658129906
1569,-0.7166142020114633,-0.7166142020114633
1570,-0.5839276616535489,-0.5839276616535489
1571,-0.6686701950176742,-0.6686701950176742
1572,-1.0529473752391585,-1.0529473752391585
1573,-0.8166410066187382,-0.8166410066187382
1574,-1.1254022733300133,-1.1254022733300133
1575,-2.11989764790786,-2.11989764790786
1576,-1.5699528932571412,-1.5699528932571412
1577,-0.6637748214933608,-0.6637748214933608
1578,-1.356486363844438,-1.356486363844438
1579,-0.602959866957231,-0.602959866957231
1580,-0.8038420399954153,-0.8038420399954153
1581,-0.7565661086592563,-0.7565661086592563
1582,-1.8697785314663435,-1.8697785314663435
1583,-0.7115522427992387,-0.7115522427992387
1584,-0.8262595160802205,-0.8262595160802205
1585,-1.1329140635423882,-1.1329140635423882
1586,-3.064312367212205,-3.064312367212205
1587,-1.1014227233827114,-1.1014227233827114
1588,-1.0821879760239477,-1.0821879760239477
1589,-0.9933529086069228,-0.9933529086069228
1590,-2.223601439724798,-2.223601439724798
1591,-1.892026662826538,-1.892026662826538
1592,-0.8497429847717285,-0.8497429847717285
1593,-0.5498131522982139,-0.5498131522982139
1594,-0.5326926985452342,-0.5326926985452342
1595,-0.8072737259790301,-0.8072737259790301
1596,-1.322699554206789,-1.322699554206789
1597,-0.6429028187611306,-0.6429028187611306
1598,-0.9123739413917064,-0.9123739413917064
1599,-1.0552585725636443,-1.0552585725636443
1600,-1.0018792254056117,-1.0018792254056117
1601,-1.197569879992255,-1.197569879992255
1602,-1.6215973528780678,-1.6215973528780678
1603,-1.4986118327739626,-1.4986118327739626
1604,-1.0953665084617084,-1.0953665084617084
1605,-1.2492778633916102,-1.2492778633916102
1606,-0.8723398641098378,-0.8723398641098378
1607,-1.2455442709516185,-1.2455442709516185
1608,-1.3939965251804325,-1.3939965251804325
1609,-1.3306059245915376,-1.3306059245915376
1610,-1.496981988581576,-1.496981988581576
1611,-1.6126960542175797,-1.6126960542175797
1612,-2.465616617883955,-2.465616617883955
1613,-1.4775588580819428,-1.4775588580819428
1614,-1.13437380347141,-1.13437380347141
1615,-1.2951121954247355,-1.2951121954247355
1616,-1.260216276775035,-1.260216276775035
1617,-1.1256507986275726,-1.1256507986275726
1618,-1.3597655675207925,-1.3597655675207925
1619,-1.2550811157670132,-1.2550811157670132
1620,-1.3541020422942878,-1.3541020422942878
1621,-1.0727487719336222,-1.0727487719336222
1622,-1.0681543137676033,-1.0681543137676033
1623,-1.5176340609557868,-1.5176340609557868
1624,-1.5917144237562668,-1.5917144237562668
1625,-0.5868658133042164,-0.5868658133042164
1626,-1.4537510714789694,-1.4537510714789694
1627,-1.3848288706106733,-1.3848288706106733
1628,-1.2073914653571076,-1.2073914653571076
1629,-1.5707354573316352,-1.5707354573316352
1630,-1.5338255222453627,-1.5338255222453627
1631,-1.400238925172377,-1.400238925172377
1632,-1.4566947766976763,-1.4566947766976763
1633,-1.1972311069799024,-1.1972311069799024
1634,-1.3005332558654077,-1.3005332558654077
1635,-1.1301733199940172,-1.1301733199940172
1636,-1.1173522224028904,-1.1173522224028904
1637,-1.376125409621601,-1.376125409621601
1638,-0.965319315592448,-0.965319315592448
1639,-1.0273579359054563,-1.0273579359054563
1640,-0.6668579284961407,-0.6668579284961407
1641,-1.2371664786523626,-1.2371664786523626
1642,-1.2819892352865647,-1.2819892352865647
1643,-1.486678813779077,-1.486678813779077
1644,-1.2749560674031577,-1.2749560674031577
1645,-1.2038237373958265,-1.2038237373958265
1646,-1.0362434077450609,-1.0362434077450609
1647,-1.5319581854251003,-1.5319581854251003
1648,-1.1979335749796194,-1.1979335749796194
1649,-1.117597648339678,-1.117597648339678
1650,-1.2939556707707487,-1.2939556707707487
1651,-1.437473489332569,-1.437473489332569
1652,-1.291221634362095,-1.291221634362095
1653,-1.3726093824519667,-1.3726093824519667
1654,-1.345626669336659,-1.345626669336659
1655,-0.8578804906948593,-0.8578804906948593
1656,-1.2655094381450682,-1.2655094381450682
1657,-1.2604638513668562,-1.2604638513668562
1658,-1.1501693568488425,-1.1501693568488425
1659,-1.3430764065232388,-1.3430764065232388
1660,-1.5640695871308792,-1.5640695871308792
1661,-1.5652382438497026,-1.5652382438497026
1662,-1.368854973667352,-1.368854973667352
1663,-1.3419103557749312,-1.3419103557749312
1664,-1.219572517505059,-1.219572517505059
1665,-0.5455925205881281,-0.5455925205881281
1666,-1.3757067964982617,-1.3757067964982617
1667,-1.1635042493657548,-1.1635042493657548
1668,-1.247284404991209,-1.247284404991209
1669,-1.1347421915956246,-1.1347421915956246
1670,-1.1409520123356072,-1.1409520123356072
1671,-1.3181564142537672,-1.3181564142537672
1672,-1.665743311246236,-1.665743311246236
1673,-1.2147617663523949,-1.2147617663523949
1674,-1.474705965019936,-1.474705965019936
1675,-1.2811824199372688,-1.2811824199372688
1676,-1.5298013021779615,-1.5298013021779615
1677,-1.1681974987651027,-1.1681974987651027
1678,-1.4540348662886509,-1.4540348662886509
1679,-1.3018080087031347,-1.3018080087031347
1680,-1.15167731462523,-1.15167731462523
1681,-1.2295679288317067,-1.2295679288317067
1682,-1.388650199239568,-1.388650199239568
1683,-1.6619338675062785,-1.6619338675062785
1684,-0.7251973152160645,-0.7251973152160645
1685,-1.1667588653490526,-1.1667588653490526
1686,-1.3623524811840797,-1.3623524811840797
1687,-1.0453750024470247,-1.0453750024470247
1688,-1.116452004558356,-1.116452004558356
1689,-1.1284819323887196,-1.1284819323887196
1690,-1.414347724397053,-1.414347724397053
1691,-1.4684511663377746,-1.4684511663377746
1692,-1.0235690876495007,-1.0235690876495007
1693,-0.9089015324910482,-0.9089015324910482
1694,-0.574456690232965,-0.574456690232965
1695,-0.8832754321800645,-0.8832754321800645
1696,-1.0112862568493035,-1.0112862568493035
1697,-1.1183927428814793,-1.1183927428814793
1698,-1.2396625908770302,-1.2396625908770302
1699,-1.1600633767224098,-1.1600633767224098
1700,-2.458138038130368,-2.458138038130368
1701,-1.3056039394334304,-1.3056039394334304
1702,-0.8650955405346182,-0.8650955405346182
1703,-1.4666001982159085,-1.4666001982159085
1704,-1.1764528381413426,-1.1764528381413426
1705,-0.9857902323552804,-0.9857902323552804
1706,-1.186912711785764,-1.186912711785764
1707,-0.9131467203761257,-0.9131467203761257
1708,-0.726248161737309,-0.726248161737309
1709,-0.4708924499558813,-0.4708924499558813
1710,-0.699245548248291,-0.699245548248291
1711,-1.10882226228714,-1.10882226228714
1712,-2.465613169329507,-2.465613169329507
1713,-0.93506106942199,-0.93506106942199
1714,-0.8335439655929804,-0.8335439655929804
1715,-1.6752653155061934,-1.6752653155061934
1716,-0.8843266169230143,-0.8843266169230143
1717,-1.1228898837584858,-1.1228898837584858
1718,-0.9539784809638714,-0.9539784809638714
1719,-2.2382416941902856,-2.2382416941902856
1720,-1.1958726484041948,-1.1958726484041948
1721,-0.5218148582665495,-0.5218148582665495
1722,-0.7953567417656503,-0.7953567417656503
1723,-1.098226093506628,-1.098226093506628
1724,-0.8817948685135952,-0.8817948685135952
1725,-0.8129532429599022,-0.8129532429599022
1726,-0.630937141965526,-0.630937141965526
1727,-2.143848626509957,-2.143848626509957
1728,-2.132282234373547,-2.132282234373547
1729,-0.9269009188369468,-0.9269009188369468
1730,-0.7055481364950538,-0.7055481364950538
1731,-1.4884376658333671,-1.4884376658333671
1732,-1.2169345384463668,-1.2169345384463668
1733,-0.8370911041274667,-0.8370911041274667
1734,-1.3477580556573794,-1.3477580556573794
1735,-0.9063692444054656,-0.9063692444054656
1736,-0.8019472821192308,-0.8019472821192308
1737,-1.2445562717526455,-1.2445562717526455
1738,-0.7827026872184333,-0.7827026872184333
1739,-1.4113046420637028,-1.4113046420637028
1740,-0.6715911214168255,-0.6715911214168255
1741,-0.6989969551101212,-0.6989969551101212
1742,-1.070317831150321,-1.070317831150321
1743,-1.3561238383137904,-1.3561238383137904
1744,-1.2601158786565063,-1.2601158786565063
1745,-0.8179417196661234,-0.8179417196661234
1746,-0.9070988979892456,-0.9070988979892456
1747,-0.6509409385134083,-0.6509409385134083
1748,-1.2785720229148865,-1.2785720229148865
1749,-0.5438349585034954,-0.5438349585034954
1750,-0.761504516005516,-0.761504516005516
1751,-1.7111007760661516,-1.7111007760661516
1752,-0.8877947820249454,-0.8877947820249454
1753,-0.5355560751848443,-0.5355560751848443
1754,-1.2234315760433674,-1.2234315760433674
1755,-0.9764043338715084,-0.9764043338715084
1756,-1.2134968513666198,-1.2134968513666198
1757,-1.1444843018701834,-1.1444843018701834
1758,-0.9326064866036176,-0.9326064866036176
1759,-0.8164576441049576,-0.8164576441049576
1760,-1.220992885818777,-1.220992885818777
1761,-1.0694075832143426,-1.0694075832143426
1762,-1.2591852709650992,-1.2591852709650992
1763,-1.2006771145388484,-1.2006771145388484
1764,-0.9917968676640436,-0.9917968676640436
1765,-0.6642257800469031,-0.6642257800469031
1766,-0.6798248300256655,-0.6798248300256655
1767,-1.099241291829782,-1.099241291829782
1768,-0.7947736211525377,-0.7947736211525377
1769,-0.6189697352490684,-0.6189697352490684
1770,-0.5797812399410066,-0.5797812399410066
1771,-0.5498497024062992,-0.5498497024062992
1772,-1.000948531287057,-1.000948531287057
1773,-0.6576243611052632,-0.6576243611052632
1774,-1.0738992153015812,-1.0738992153015812
1775,-1.944239478362234,-1.944239478362234
1776,-1.517484554491545,-1.517484554491545
1777,-0.6227517468588692,-0.6227517468588692
1778,-1.3569064501560095,-1.3569064501560095
1779,-0.6166543136943471,-0.6166543136943471
1780,-0.7233621759932171,-0.7233621759932171
1781,-0.7961151516714762,-0.7961151516714762
1782,-1.6472814720730449,-1.6472814720730449
1783,-0.6302969889207319,-0.6302969889207319
1784,-0.8485249964396159,-0.8485249964396159
1785,-0.9110987167949824,-0.9110987167949824
1786,-2.965506457147144,-2.965506457147144
1787,-1.0075484653934836,-1.0075484653934836
1788,-0.9887344439824424,-0.9887344439824424
1789,-0.9122320402652846,-0.9122320402652846
1790,-2.051961380502452,-2.051961380502452
1791,-1.6925003144048876,-1.6925003144048876
1792,-0.8312342703342438,-0.8312342703342438
1793,-0.4796503406810009,-0.4796503406810009
1794,-0.4980616403180499,-0.4980616403180499
1795,-0.7671051984652877,-0.7671051984652877
1796,-1.297856557276822,-1.297856557276822
1797,-0.5946754170942676,-0.5946754170942676
1798,-0.8836769089102745,-0.8836769089102745
1799,-0.9860939656117166,-0.9860939656117166
